단어1	단어2	빈도
각국	종교	16
내역	종교	16
개기	내역	16
소지	소천	14
개기	속	14
해안	해안	12
금강	천연	12
공원	천연	12
사람	육신	8
일	힘쓰	8
속	화악산	8
나폴레옹	제전	6
제전	혁신	6
전기	혁신	6
본	언행	6
본	아이	6
나무	신선	6
사람	하늘	6
사람	정성	6
쓰	일	6
갚	일	6
닦	일	6
고별문	졸업	6
마음	사람	6
일	하	6
어리	희생	6
청년	학우회	6
주지	학우회	6
봄	일가	6
일	있	4
꽃	말씀	4
꽃	젊	4
되	사람	4
사람	짐승	4
대접	사람	4
세계	양식	4
마음	한우	4
쓰	욕심	4
덕	한우	4
대하	환원	4
사람	성령	4
복	크	4
믿	일	4
마음	지키	4
사람	사람	4
기차	장원	4
꽃	장원	4
선생	왕양명	4
선생	실기	4
말	이르	4
닦	육신	4
소설	진담	4
속이	한울	4
고치	일	4
기도하	마음	4
실무	은행	4
근본	수도	4
의사	크	4
마음	바르	4
사랑하	한울	4
사람	사랑하	4
교우	새해	4
이익	적	4
대하	동포	4
기념	대하	4
대하	일	4
종법	통일하	4
일	통일하	4
달하	목적	4
마음	지휘	4
대하	취지	4
쌀	한울	4
대한사	해상	4
그릇	크	4
이름	작품	2
링컨	인물	2
밋그	인물	2
밋그	사업	2
전기	팔	2
에머슨	읽	2
명리	윤리	2
사람	좋	2
구	전기	2
금황제	독일	2
금황제	좌우명	2
뜨겁	피	2
세계	쾌소년	2
세계	주유	2
시보	주유	2
시보	제오보	2
나라	떠나	2
떠나	슬픔	2
이별하	태백	2
국민	사행	2
사행	표준	2
켈러	헬렌	2
여사	켈러	2
여사	장래	2
찬송하	화신	2
기왕	소년	2
기왕	장래	2
소년	여름	2
구름	여름	2
여름	자연	2
거년	차시	2
집필인	차시	2
집필인	풍류	2
대조선	정신	2
때	부르짖	2
위하	조상	2
천주당	층층대	2
러시아	화설	2
예수	크리스마스	2
강탄절	예수	2
땅	사람	2
땅	있	2
배	쥐어뜯	2
약	쥐어뜯	2
약	얻	2
바라오	원수	2
원수	자유	2
독자	첨존께	2
주정	지내	2
세상	지내	2
천국	확장하	2
공효	자비	2
시찰단	연합회	2
시찰단	조선	2
대하	조선	2
감상기	대하	2
문자	서계	2
기원	문자	2
인류	지구	2
원기	인류	2
안식일	학교	2
찬미	학교	2
성경	연구하	2
날	믿	2
살	쳐다보	2
예수	오	2
구원하	능	2
기다리	깨	2
곤하	쉬	2
오	죄인	2
기도하	깨	2
다니	때	2
때	찬미하	2
귀하	해	2
귀하	복	2
많	복	2
다니엘	정하	2
뜻	정하	2
복	행하	2
복	있	2
있	지혜	2
아들	있	2
예수	주	2
귀하	이름	2
일	주	2
멀	집	2
이	이름나	2
아이작	이	2
뉴턴	아이작	2
봄	학생	2
계집아이	슬기	2
더럽	아이	2
뒤끝	아이	2
말	이야기	2
상계	잘못	2
놀부	흥부	2
一	놀부	2
一	흥부	2
잘되	흥부	2
빼	어버이	2
낫	어버이	2
램	무섭	2
램	힘들	2
선비	이	2
못되	이	2
못되	선비	2
병환	아버지	2
범	이야기	2
범	참새	2
아씨	짓거리	2
거짓	아드님	2
아드님	아드님	2
반나절	선비	2
소	양	2
먹이	소	2
거룩하	먹이	2
거룩하	사람	2
되	이야기	2
이야기	정위	2
세	힘	2
세	이	2
개구리	소원	2
김	생원	2
생원	이	2
마님	이	2
뜨겁	정성	2
완악하	정성	2
도적	완악하	2
도적	동인	2
동인	정	2
서방	정	2
견디	말씀	2
등불	소경	2
계집애	시골	2
계집애	나라	2
나라	어질	2
어미	어질	2
되	어미	2
되	혹부리	2
색시	혹부리	2
본	생각	2
본	오누이	2
사랑	오누이	2
본	피하	2
으뜸	피하	2
나	옷	2
까마귀	이야기	2
까마귀	물	2
물	항아리	2
신선	일	2
선녀	일	2
색시	선녀	2
이야기	절기	2
말씀	천하	2
가난뱅이	먹적골	2
가난뱅이	세상	2
들먹들먹하	세상	2
들먹들먹하	허생원	2
수탉	알	2
뽑이	색시	2
신선	이	2
나무	이	2
낙타	돛	2
말씀	여름	2
쉬움	여름	2
병	부자	2
옳	이름	2
앞	이름	2
날램	앞	2
날램	버리	2
이야기	짐승	2
길	하늘길	2
길	찾아가	2
마호메트	소전	2
사람	정의	2
세계	일주	2
무	아	2
무	배우	2
꿈	어린이	2
선생	주시경	2
선생	역사	2
기인	태서	2
소림	태서	2
스승	한힌샘	2
스승	울음	2
생물	생활	2
생활	자애	2
자애	타애	2
발간	취지	2
분수	지키	2
성벽	악하	2
덕	신포	2
덕	석즙	2
돌국	석즙	2
경험	공능	2
목적	여일히	2
여일히	하	2
말	예방	2
가정	낙	2
무익	허식	2
용의	평생	2
불행하	인	2
피하	허식	2
낙	빙구	2
물	장중	2
물망	은	2
아하기행기복	위인명인상고	2
금일	조선인	2
상업	조선인	2
연합회	조선인	2
가	상품	2
가	실패	2
실패	자초하	2
까닭	상업	2
상업	전당국	2
잡화상	전당국	2
등류	잡화상	2
그치	등류	2
고함	공인	2
공업	대의	2
대의	제십사	2
업가	은행	2
망하	업가	2
고아	사이생설	2
고아	천형천제	2
보화	영실	2
신계	영실	2
가락	신계	2
가락	홍하	2
사람	세계	2
세계	주장하	2
세계	우리교	2
늦	장원	2
늦	봄	2
봄	빛	2
실패	장원	2
성공	실패	2
성공	원인	2
천복	천수	2
마음	천복	2
마음	있	2
대표자	하늘	2
대접하	하늘	2
빌	하늘	2
빌	없	2
굳	마음	2
마음	목적지	2
가	목적지	2
가	길	2
양중	저장물	2
개량세	저장물	2
개량세	인족	2
약	장생불사하	2
교인	포덕	2
교인	직무	2
대신	마음	2
대신	사감동	2
사감동	사람	2
정성	한우	2
감동	한우	2
완월	장원	2
장원	춘뢰	2
고대	국사사	2
반달	장원	2
아침	장원	2
여사	홍용화	2
대하	여사	2
권능	상제	2
권능	대적하	2
대적하	마귀	2
빈궁	상제	2
상제	은덕	2
사상	중진보	2
가명	중진보	2
쓰	크	2
욕심	크	2
가치	인류	2
가치	동물	2
도덕	명자	2
도덕	묘	2
심위리	조	2
복	재앙	2
몸	복	2
구하	몸	2
하늘	환형	2
갚	덕	2
곡제	천일	2
가치	종교	2
묵념	안심	2
셋재	장원	2
소나기	장원	2
자동심	피동심	2
관계	피동심	2
길	세상	2
세상	잊	2
쓰	정성	2
교우	쓰	2
교우	대하	2
소년기	장원	2
소년기	수양	2
나형	양씨	2
양씨	환원	2
복	준비	2
기다리	준비	2
새봄	장원	2
장원	저녁	2
빛	저녁	2
가	신춘	2
특별	특별	2
구하	특별	2
구하	일	2
겨울	장원	2
겨울	아침	2
덕	세상	2
살리	세상	2
말	살리	2
개벽설	후천	2
사람	한우	2
믿	한우	2
선천	후천	2
관계	후천	2
일	지키	2
찾	한울	2
이야기	찾	2
독악	한때	2
독악	열날	2
열날	정성	2
정성	해하	2
버리	옛것	2
버리	새것	2
새것	좇	2
일	좇	2
신자	환원	2
대형	수	2
수	절입	2
부지런	장원	2
금일	장원	2
대양	장원	2
사람	장원	2
목적	사람	2
목적	정하	2
일	정하	2
기차	실내	2
덩이	실내	2
덩이	봄눈	2
보	봄눈	2
보	자각하	2
성미	정성스럽	2
쓰	정성스럽	2
세계	종교	2
관계되	세계	2
신자	조하	2
경함	조하	2
경함	월보	2
일	일숙각	2
이	일숙각	2
땀	장원	2
갑	땀	2
권왕가	속	2
신사	연구	2
사업	종교	2
사업	입지	2
인내	입지	2
연후	인내	2
양유사	일	2
구	양춘구곡	2
사	양춘구곡	2
양춘구곡	오	2
양춘구곡	이	2
양춘구곡	일	2
양춘구곡	팔	2
꽃	떨어지	2
느낌	떨어지	2
장원	하품	2
많	하품	2
많	아이	2
입지	장원	2
강습	선후	2
강습	제군	2
대리	소리설	2
천도교회월보	청구서	2
박석홍	성심	2
기차	인물	2
상업가	조선	2
대하	상업가	2
그때	장원	2
궁	을하	2
도밧게	사람	2
사람	없	2
없	일	2
근본	사람	2
근본	확신	2
지키	확신	2
은덕	지키	2
갚	은덕	2
달	월우수이성색	2
달	차	2
색	차	2
되	색	2
경고하	본교구	2
경고하	말삼	2
관할	구	2
구	순회	2
경유하	순회	2
경유하	말씀	2
월보	힘쓰	2
가정	조선인	2
소녀	조선	2
사사	한우	2
사사	없	2
정성	한울	2
이르	정성	2
모	한울	2
믿음	정성	2
성령	육신	2
바꾸	성령	2
바꾸	일	2
장원	청송	2
감추풍별	정우	2
성경	신법	2
신법	지키	2
말씀	지키	2
교	불가불	2
불가불	성취	2
성취	오늘날	2
세계	오늘날	2
물건	임자	2
시세	임자	2
만나	시세	2
갑	만나	2
갑	고등하	2
제일	희락	2
강서	부인	2
뒷산	장원	2
뒷산	솔나무	2
보	솔나무	2
느낌	보	2
왕학	제창	2
대하	제창	2
장원	재산	2
미묘나	형자	2
도심	형자	2
엄동	장원	2
엄동	후	2
양춘	후	2
만남	양춘	2
장원	평생	2
대계	평생	2
대계	청년	2
있	청년	2
닦	성령	2
시계	장원	2
교자	인간	2
운반하	인간	2
기관수	운반하	2
각심이	화엽	2
자탈어	화엽	2
원단	잡감	2
강습제	대	2
대	행복	2
교	믿	2
믿	부인	2
상제	여신사문답	2
기도	한국	2
냉매	열평	2
위기	학필	2
성취	소원	2
입교하	처음날	2
성각하	처음날	2
성각하	일	2
지키	포덕	2
법	포덕	2
귀신	천지	2
귀신	한나	2
광제	창성	2
약	창성	2
마음	속이	2
드리	한우	2
드리	정성	2
드림	사람	2
연비	연원	2
뜻	일	2
못하	일	2
못하	이유	2
종교	통일	2
방침	포덕	2
도통하	식코	2
도통하	이치	2
이치	있	2
극락설	세계	2
지공무사하	한우	2
고치	병	2
도	지키	2
사람	지키	2
하	한울도	2
하	한울	2
이치	한울	2
이치	하	2
도	말씀	2
눈	한우	2
눈	보	2
보	세상	2
세상	집안	2
복	새해	2
복	사람	2
기도하	사십구일	2
이야기	화복	2
열석	지극하	2
고성	속	2
속	희락	2
생기	희락	2
생기	일	2
자마	크	2
마	크	2
마	없	2
덕	스승	2
스승	은혜	2
도	한울	2
당당정리	밝혀내	2
습관	옛적	2
버리	습관	2
버리	복	2
복	어이하	2
대하	팔절	2
강연	대하	2
무섭	한우	2
대신사	본래	2
믿	사람	2
보	사람	2
신사	영기	2
알	영기	2
알	일	2
교구	설시	2
대하	설시	2
교인	스승	2
스승	훈계	2
어기	훈계	2
마음	마음	2
마음	바꾸	2
기도	대하	2
마음	먹	2
먹	일	2
북악산	상상봉	2
순도	화상전	2
사전	의연선	2
담시	화상전	2
법공화	상전	2
사전	원광법	2
대하	부인	2
금수	문답	2
문학	진흥	2
대덕	상제	2
공연	대덕	2
실무	이회	2
수도	있	2
사람	혼인하	2
되	혼인하	2
되	일	2
대하	포덕	2
주인	천지	2
귀신	마음	2
믿	한울	2
교	마음	2
마음	찾	2
기관	찾	2
있	한울	2
복록	있	2
복록	정성	2
사	정성	2
돌	세계	2
새해	희망	2
보답하	천덕사은	2
보답하	일	2
닦	인사	2
닦	후	2
천명	후	2
심고	하	2
성령	위성	2
위성	힘쓰	2
준비	크	2
준비	하	2
크	하	2
받	복	2
정성	큰일	2
대하	큰일	2
대하	쓰	2
성심	이봉화	2
대하	성심	2
이익	크	2
가치	명예	2
가치	얻	2
얻	종교	2
상	희생	2
중	희생	2
하	희생	2
금일	아한	2
아한	청년	2
경우	청년	2
인생	자각하	2
사람	조선	2
사람	청년	2
수감	수필	2
저작하	찬미	2
곡조	찬미	2
곡조	보	2
말씀	빛	2
손봉규	조	2
문병	손봉규	2
문병	소인	2
추도회석	한석태	2
고원	정주	2
세계	오교	2
등족	세계	2
등족	클럽	2
구하	목적	2
사람	지성	2
지성	한울	2
배하	사신	2
동포	배하	2
마음	일	2
마음	이르	2
빛	신문	2
신문	환영가	2
임강현	중국	2
임강현	천도교	2
천도교	칠이구강	2
습소	칠이구강	2
습소	창립기	2
정성	참되	2
마음	참되	2
드리	마음	2
드리	일	2
장원	태양	2
사람	한울	2
도	심학	2
심학	있	2
교육	의무	2
교육	대하	2
본보	일주년	2
기념	일주년	2
감상	대하	2
김천일	명호	2
부절	역목	2
대종	발원설	2
마음	만사	2
만사	성취	2
종교	효력	2
한울	효력	2
감응	한울	2
관계	연원	2
솔성	수심정기	2
솔성	수교	2
수교	해셕	2
뜻	한우	2
따르	뜻	2
거슬리	따르	2
거슬리	일	2
기념	인일	2
얻	행복	2
닦	정신	2
대신사	오	2
오	일	2
강습소	쳥년	2
경고하	쳥년	2
기명	성미	2
기명	시행하	2
대하	시행하	2
상	일	2
관하	교구	2
관하	론란	2
교육	힘쓰	2
기도	이번	2
기도	대한	2
대한	설명	2
마음	지킴이	2
수도	지킴이	2
수도	필요하	2
사람	행복	2
공경하	사람	2
공경하	있	2
감념	신교	2
공	없	2
세간	없	2
내	세간	2
신년	축사	2
공정	박애	2
공정	설	2
신문	축하	2
신문	잡지	2
사신	위하	2
위하	일	2
빈양법	성	2
빈양법	치부	2
인술	치부	2
세대	의	2
세대	오교	2
견디	참	2
견디	힘	2
목적	힘	2
갈리	마음	2
상드오	하등	2
분별하	하등	2
되	자식	2
동포	되	2
겨울빛	장원	2
노포	한향	2
강습제	선후	2
세계	영허	2
인부	처생	2
우주	처생	2
경고	아동덕	2
새해	직무	2
구하	도	2
구하	사람	2
닦	마음	2
일	한울	2
만혹	파거	2
성지고	파거	2
이낙영	조	2
이낙영	환원	2
고생	즐거움	2
근본	즐거움	2
시천지요	필수심	2
귀하	장원	2
귀하	시간	2
삼수	신국	2
교	불	2
불	불	2
불	신	2
관계	언문	2
인족	하늘	2
인족	종가	2
도속	문답	2
농천자	진아	2
일편심주하	처정	2
봄날	장원	2
일하	장원	2
사람	일하	2
시골	장원	2
장원	하	2
고치	허물	2
감천	지성	2
부인	철산군	2
강도회	부인	2
강도회	대하	2
교	창성	2
건지	창성	2
건지	크	2
배	크	2
세계	신문	2
남산	장원	2
남산	송백	2
지옥	천당	2
마음	지옥	2
구하	마음	2
고아	교우제	2
영의	촬영	2
발행	월보	2
발행	취지	2
근본	종교	2
근본	뜻	2
뜻	해석	2
습관	파괴하	2
일	파괴하	2
기념식	대하	2
사람	신령하	2
신령하	줄	2
줄	한울	2
접하	한울	2
대접하	사람	2
대접하	후	2
하	후	2
세상	크	2
사업	크	2
사업	종교가	2
시	한우	2
대하	시	2
이치	주고받	2
믿음	사람	2
사람	살	2
근본	살	2
교일	기념	2
기념	상황	2
교	밖	2
동포	밖	2
동포	충고하	2
교의	크	2
공부	크	2
공부	심	2
교	세상	2
세상	유익하	2
유익하	일	2
개벽	후천	2
갚	근본	2
심법	통일	2
통일	힘쓰	2
대하	월보기념	2
공향	한울	2
건강	장원	2
건강	인생	2
인생	행복	2
장원	학문	2
인생	학문	2
귀하	인생	2
달하	정성	2
들이	정성	2
들이	일	2
대하	혁신회	2
대하	문답	2
성사	신사	2
공덕	성사	2
소암	한	2
소암	환원하	2
대하	환원하	2
감동하	대하	2
감동하	있	2
문학	문학	2
교호	교호	2
가내	합덕	2
합덕	후	2
천지	후	2
천지	합덕	2
일	합덕	2
고	장원	2
고	낙	2
링컨	에이브러햄	2
기이	태백산가	2
기일	태백산가	2
사시	태백산	2
바이런	해적가	2
미정고	해적가	2
꺾이	솔나무	2
솔나무	평양	2
보	평양	2
십	전기	2
카보우르	탄생	2
기념	탄생	2
선생	톨스토이	2
광우회	조선	2
광우회	대하	2
대하	소년	2
독자	소년	2
독자	열렬하	2
열렬하	찬성	2
구하	찬성	2
깨우치	말씀	2
기별	동경	2
가을	임	2
생각	임	2
읽	지식	2
빌	지식	2
빌	알	2
벗	알	2
선	입학	2
삼운동회	청추	2
잡지	축신문	2
물건	크	2
담	물건	2
담	일	2
대하	성화실	2
대하	성력	2
가르치	꽃	2
가르치	힘	2
앞일	장원	2
알	앞일	2
알	천리안	2
영	현기	2
실증	영	2
교구실	의주	2
건축기	교구실	2
생식	소비설	2
고아	소비설	2
고아	우유	2
우유	형제	2
김명후	조	2
연구	학술	2
세계주	연구	2
세계주	유기	2
관동	팔경	2
기승	팔경	2
일	해안	2
사	해안	2
육	해안	2
방문기	중학교	2
정성	지극하	2
정성	하늘	2
감동	하늘	2
감동	음흉하	2
마음	음흉하	2
마음	몸	2
망하	몸	2
월보	종교	2
전가	종교	2
신문	축	2
신문	일주년	2
기념호	일주년	2
주장	천도	2
신	주장	2
모시	한우	2
모시	이야기	2
굳	심지	2
굳	도사	2
도사	알	2
동경	유학	2
생활	유학	2
일생	한의	2
알	친구	2
상하	제일신	2
광제하	세상	2
광제하	도덕	2
도덕	하	2
비유담	크루이로프	2
대하	서적	2
고인	대하	2
고인	찬미하	2
말	찬미하	2
관계설	천지인	2
복	정성	2
복	사	2
대금	사	2
